,ITEM
1,shampo, kebutuhan harian
2,manisan
3,obat, kebutuhan harian, manisan
4,skincare, obat, obat
5,makanan
6,saus
7,saus, saus, saus
8,bahan pokok, manisan
9,makanan, bahan pokok, manisan, ikan
10,kebutuhan harian, pembersih mulut, saus, kebutuhan harian
11,kebutuhan harian, snack
12,snack, kebutuhan cewe
13,kebutuhan cowo
14,kebutuhan harian
15,bahan pokok, kebutuhan harian, teh, kebutuhan umum, pembersih mulut
16,bahan pokok
17,snack, kebutuhan harian, kebutuhan harian
18,snack, snack, shampo, susu
19,snack, susu
20,pembersih mulut, kebutuhan harian, makanan, susu, snack, mie, snack
21,makanan, air mineral
22,susu, kebutuhan harian
23,minuman
24,minuman, pembersih mulut, kebutuhan harian, makanan, es krim
25,bahan pokok, mie, kebutuhan cewe, minuman, bahan pokok, bahan pokok
26,air mineral, yoghurt, minuman, snack, kebutuhan harian
27,kebutuhan harian
28,bahan pokok, snack, makanan, bahan pokok goreng, snack, manisan
29,saus, manisan, kebutuhan harian, kebutuhan harian, bahan pokok
30,alat rumahi
31,makanan, manisan, teh, manisan, snack, manisan
32,kecap, obat, kebutuhan harian, kebutuhan harian, saus, kebutuhan harian, bumbu, kecap
33,teh, susu, minuman, yoghurt
34,skincare, kacang, kebutuhan harian
35,snack
36,kebutuhan harian, obat, kebutuhan harian, snack
37,snack, air mineral, mie, susu
38,pembersih mulut, pembersih mulut, susu, mie, alat makan
39,mie, bumbu makanan, kebutuhan harian,kebutuhan harian, kebutuhan harian, kebutuhan harian, kebutuhan harian, pembersih mulut, obat, alat makan, saus, kebutuhan harian
40,air mineral, kebutuhan harian, susu, makanan, kebutuhan harian, kebutuhan harian, obat, snack, makanan, minuman
41,teh, minuman, air mineral
42,teh, yoghurt, mie
43,bahan pokok, susu
44,kebutuhan cewe, snack
45,snack, minuman, pembersih mulut, kebutuhan harian, kebutuhan cewe
46,mie, bumbu, kebutuhan harian, saus, kecap, bahan pokok
47,kebutuhan cowo, kebutuhan harian, pembersih mulut, mie, alat rumahi, snack, bahan pokok, snack
48,kebutuhan umum, kebutuhan harian, saus, snack
49,minuman, mie, bahan pokok
50,air mineral, makanan, pembersih mulut
51,makanan snack, teh, manisan
52,bahan pokok, makanan, minuman
53,alat rumahi, bumbu, bahan pokok
54,teh, minuman
55,kebutuhan bayi, minuman, snack
56,teh, saus, minuman, makanan, susu, mie, bahan pokok, snack, snack, makanan, kebutuhan harian, kebutuhan harian
57,mie, teh, makanan
58,alat rumahi, teh, mie, minuman
59,es krim, snack, teh, makanan
60,skincare, pembersih mulut, makanan
61,air mineral, teh, pembersih mulut, makanan, mie, makanan
62,snack, teh
63,mie, snack, kebutuhan cowo, minuman
64,makanan, snack, susu
65,susu, kebutuhan harian, skincare, snack, kebutuhan bayi, mie, kebutuhan harian, kebutuhan harian, pembersih mulut, shampo, makanan
66,susu, kebutuhan umum, snack
67,minuman, bahan pokok
68,mie, minuman, minuman, teh, makanan, es snack
69,alat rumahi, teh, obat
70,makanan, teh
71,mie, snack, teh, minuman
72,alat rumahi, snack, teh, snack, makanan
73,makanan, teh
74,mie, alat rumahi, teh, snack, snack
75,teh, susu
76,snack, teh, kebutuhan cowo
77,makanan, teh
78,kebutuhan cowo, obat, snack, manisan
79,makanan
80,makanan, makanan, air mineral
81,makanan, teh, makanan, air mineral
82,makanan, teh, minuman
83,makanan, teh
84,makanan, teh
85,alat rumahi, snack
86,kebutuhan harian, kebutuhan harian, pembersih mulut
87,kebutuhan sandang, kebutuhan sandang
88,kebutuhan sandang, kebutuhan sandang
89,kebutuhan sandang, kebutuhan sandang
90,kebutuhan sandang, perhiasan
91,kebutuhan sandang, kebutuhan sandang
92,kebutuhan sandang, kebutuhan sandang
93,kebutuhan sandang, kebutuhan sandang, kebutuhan sandang
94,snack, susu
95,mie, air mineral, es krim
96,makanan, makanan, snack, teh
97,makanan, susu
98,air mineral, susu
99,bahan pokok, teh, snack
100,kebutuhan harian, shampo, pembersih mulut
101,makanan, teh
102,makanan, makanan, air mineral
103,mie, susu
104,air mineral, snack, snack
105,kebutuhan harian, kebutuhan harian, shampo
106,pembersih mulut, pembersih mulut
107,makanan, teh
108,makanan, teh
109,makanan
110,mie, teh, makanan
111,makanan
112,air mineral, teh
113,bahan pokok, alat rumahi, mie
114,kebutuhan harian, shampo, pembersih mulut
115,makanan, bahan pokok, bahan pokok
116,mie, air mineral, alat rumahi
117,makanan, teh
118,snack, minuman
119,air mineral, skincare, kebutuhan harian, kebutuhan harian, skincare kebutuhan sandang, kebutuhan harian
120,susu, susu
121,susu
122,kebutuhan harian, air mineral
123,air mineral, minuman
124,kebutuhan umum, mie
125,makanan, bahan pokok
126,makanan, makanan bahan pokok, kebutuhan umum
127,obat, kebutuhan cowo
128,yoghurt, yoghurt
129,air mineral, air mineral, air mineral, kebutuhan umum
130,makanan 
131,bumbu
132,minuman, snack
133,kebutuhan harian
134,mie
135,snack, minuman
136,mie, mie
137,air mineral, manisan
138,mie
139,kebutuhan harian, makanan bahan pokok, makanan
140,kebutuhan harian, snack, minuman, susu
141,makanan 
142,minuman
143,yoghurt, makanan
144,manisan, makanan, makanan bahan pokok, kebutuhan sandang
145,yoghurt, snack
146,makanan
147,minuman, mainan
148,bahan pokok
149,makanan, snack, bahan pokok, manisan
150,air mineral, kebutuhan cowo
151,kebutuhan harian, shampo, kebutuhan harian, alat rumahi, susu, kebutuhan harian, kebutuhan harian, makanan
152,es krim, es krim, es krim
153,air mineral, skincare, skincare
154,kebutuhan cewe, kebutuhan harian, bahan pokok
155,bahan pokok, bahan pokok, mie, saus
156,mie, makanan, minuman, es krim
157,makanan, bahan pokok, makanan, sayur
158,skincare, es krim, makanan, kecap
159,makanan, bahan pokok, sayur, sayur, bahan pokok, bumbu, bahan pokok, bahan pokok
160,pembersih mulut, kebutuhan harian, bahan pokok
161,sayur, sayur, sayur, sayur, makanan, saus, minuman, mie
162,bahan pokok, kebutuhan harian, kebutuhan harian, kebutuhan harian, kebutuhan umum, bumbu
163,bumbu, bahan pokok, bahan pokok, bahan pokok, bahan pokok, bahan pokok
164,bahan pokok, mie, es krim, snack, kebutuhan harian
165,saus, minuman, makanan, minuman, minuman
166,sayur, sayur, makanan, ikan, sayur, kebutuhan harian, skincare, kebutuhan harian
167,kebutuhan harian, shampo, snack, bahan pokok, teh
168,alat rumahi, kebutuhan harian, minuman
169,bahan pokok, bahan pokok, bahan pokok, makanan, kacang, bahan pokok
170,makanan, snack, makanan, makanan
171,kebutuhan harian, mie, skincare, skincare, skincare, pembersih mulut, alat rumahi
172,minuman, snack, air mineral, manisan
173,snack, minuman, bahan pokok, alat rumahi
174,es krim, makanan, mie
175,kebutuhan harian, shampo, pembersih mulut, pembersih mulut, kebutuhan harian, kebutuhan harian, kebutuhan harian
176,minuman, susu, makanan, susu, snack, mie
177,kebutuhan bayi, snack, susu, bumbu, skincare, skincare
178,snack, kebutuhan harian , buah, sayur, minuman, mie
179,buah, makanan, bahan pokok, kebutuhan harian, makanan
180,bahan pokok, kebutuhan harian, bahan pokok, alat rumahi, pembersih mulut, kebutuhan harian
181,kebutuhan harian, kebutuhan cewe, pembersih mulut, mie, saus, manisan, alat rumahi, kecap, bahan pokok
182,mie, kebutuhan harian, skincare, manisan, skincare
183,bahan pokok, mie, bahan pokok, saus, kecap
184,minuman, minuman, kebutuhan cewe, snack
185,makanan, es krim
186,air mineral, snack, makanan
187,skincare, skincare, skincare, skincare, snack, es krim
188,mie, bahan pokok, bahan pokok, susu, alat rumahi, kebutuhan harian, kebutuhan umum, kebutuhan harian
189,buah, buah, buah, sayur, bmakanan, sayur
190,kebutuhan harian, mie, alat rumahi, snack, kebutuhan harian, shampo, pembersih mulut, pembersih mulut
191,makanan, susu, makanan, bumbu
192,teh, alat rumahi, snack, es krim, mie
193,bahan pokok, bahan pokok, bahan pokok, bahan pokok, sayur
194,kebutuhan harian, kebutuhan cewe, susu, snack
195,skincare, kebutuhan harian, shampo, makanan, pembersih mulut
196,es krim, mie, snack, snack
197,susu, bahan pokok, alat rumahi, snack, mie
198,minuman, teh, snack, snack, susu
199,kebutuhan harian, snack, bahan pokok, makanan, makanan, makanan, yoghurt, susu
200,kebutuhan harian, mie, minuman, susu
201,snack, bahan pokok, snack, mie, sayur, snack
202,makanan, susu
203,susu, kebutuhan umum
204,makanan, makanan
205,air mineral, snack, makanan, snack
206,skincare, makanan, alat rumahi, yoghurt
207,mie, pembersih mulut, skincare, pembersih mulut
208,obat, makanan, manisan, manisan, susu
209,manisan, kebutuhan harian, kebutuhan harian, air mineral, alat rumahi
210,mie, es krim, makanan, minuman
211,kebutuhan harian, kebutuhan harian, shampo, kebutuhan harian
212,mie, shampo, kebutuhan harian, skincare, pembersih mulut, snack
213,makanan, es krim, manisan
214,manisan, skincare, kebutuhan harian, bahan pokok
215,makanan, kebutuhan umum, teh
216,mie, manisan, kebutuhan cewe, snack
217,snack, buah, minuman, shampo
218,makanan, soto, dan kari, skincare, shampo air mineral
219,makanan snack dan bahan pokok, minuman, makanan snack bahan pokok
220,air mineral, snack, teh, alat rumahi, minuman
221,snack, snack, mie, snack, manisan, kacang
222,yoghurt, teh, snack, manisan
223,snack, susu, makanan, yoghurt, bahan pokok
224,manisan, bahan pokok, bahan pokok
225,mie sayur, air mineral, bahan pokok
226,bumbu, makanan, makanan, kecap
227,sayur, sayur, bahan pokok, bahan pokok, makanan, alat rumahi, teh, snack
228,bahan pokok, bahan pokok, kebutuhan harian, kecap, saus, mie
229,pembersih mulut, bahan pokok, susu, bahan pokok, makanan, yoghurt
230,bahan pokok, teh, alat rumahi, bahan pokok, kebutuhan harian, skincare
231,makanan, buah, buah, snack, sayur
232,es krim, makanan, makanan, buah, buah
233,bumbu, bahan pokok, bahan pokok, bahan pokok bombay, kecap
234,bahan pokok, bumbu, bahan pokok bahan pokok, kebutuhan umum, kebutuhan harian, bumbu
235,bahan pokok, makanan, susu, bahan pokok, sayur, minuman
236,snack, kacang, snack, kebutuhan harian, shampo
237,skincare, skincare, kebutuhan harian, kebutuhan harian, skincare, susu, kebutuhan harian
238,kebutuhan harian, bahan pokok, skincare, pembersih mulut, snack, es krim
239,ikan, makanan, bahan pokok, makanan makanan, yoghurt, kebutuhan harian, kebutuhan harian
240,obat, kebutuhan harian, kebutuhan harian, kebutuhan harian
241,mie, sayur, bahan pokok, sayur, sayur, buah, buah
242,kebutuhan cewe, elektronik
243,mie, manisan, shampo pink, manisan, snack
244,makanan, kacang, manisan, bahan pokok
245,snack, susu, bahan pokok, bahan pokok
246,snack, minuman, snack, air mineral, mie
247,manisan, teh, makanan, kebutuhan harian
248,es krim, snack, mie, kebutuhan cewe
249,makanan, daging, sayur, mie, bahan pokok
250,air mineral, teh, alat rumahi, manisan, skincare
251,skincare, skincare, skincare, skincare, skincare
252,makanan, sayur, bahan pokok, bahan pokok, bahan pokok
253,skincare, skincare, sayur, kebutuhan harian, alat rumahi, teh
254,yoghurt, skincare, kebutuhan harian, skincare, kebutuhan harian
255,bahan pokok, es krim, snack, mie, alat rumahi, teh
256,bahan pokok, bahan pokok, bahan pokok, bahan pokok, bahan pokok, bumbu
257,makanan, snack, manisan, pembersih mulut, pembersih mulut, kebutuhan harian
258,skincare, skincare, air mineral, snack, alat rumahi
259,saus, bahan pokok, bahan pokok, bahan pokok, bahan pokok, bahan pokok
260,susu, minuman, susu, makanan, kebutuhan harian, kebutuhan harian
261,buah, bahan pokok, minuman, susu, bahan pokok, es krim
262,obat, kebutuhan harian, alat rumahi, skincare, kebutuhan harian, kebutuhan sandang, obat
263,bumbu, bumbu, mie, bumbu, makanan, saus
264,bahan pokok, buah, kebutuhan harian, kebutuhan harian, kebutuhan harian, susu, alat rumahi, teh
265,kebutuhan harian, kebutuhan harian, kebutuhan harian, kebutuhan harian
266,bahan pokok telon, skincare, shampo, kebutuhan harian, pembersih mulut, pembersih mulut, kebutuhan harian
267,mie, bahan pokok, bahan pokok, manisan, alat rumahi, yoghurt
268,bahan pokok, kebutuhan harian, kebutuhan harian, alat rumahi, bumbu, bahan pokok
269,kebutuhan harian, bahan pokok, bahan pokok, bumbu
270,kebutuhan harian, kebutuhan harian, es krim, skincare, shampo, susu
271,mie, makanan, susu
272,bahan pokok, bahan pokok, teh
273,snack, minuman, makanan
274,kebutuhan umum, kebutuhan cowo
275,shampo, skincare, kebutuhan sandang
276,makanan, bahan pokok, ikan
277,susu, makanan
278,snack, teh, kebutuhan umum
279,bahan pokok, kebutuhan harian
280,mie, teh
281,mie, makanan, teh
282,makanan snack, minuman, alat rumahi, bahan pokok goreng
283,bahan pokok goreng, makanan, makanan
284,elektronik, kebutuhan umum
285,kebutuhan umum snack
286, alat rumah
287,, kebutuhan umum
288,ikan, makanan, bahan pokok
289,makanan, bahan pokok, makanan, mie
290,susu, snack, snack
291,kebutuhan harian, pembersih mulut, pembersih mulut
292,sayur 
293,buah 
294,makanan, makanan
295,bahan pokok, ikan
296,bahan pokok, bahan pokok, saus
297,bahan pokok, bahan pokok, sayur
298,minuman, yoghurt
299,bahan pokok, mie
300,kebutuhan harian, kebutuhan harian
301,kebutuhan harian, kebutuhan harian
302,es skincare, skincare
303,alat rumah 
304,kebutuhan umum, kebutuhan umum
305,kebutuhan harian, kebutuhan harian
306,kebutuhan harian, alat mandi
307,kebutuhan umum, kebutuhan umum, kebutuhan umum
308,kebutuhan umum, kebutuhan umum
309,alat olahraga, alat olahraga
310,kebutuhan sandang, kebutuhan sandang
311,kebutuhan sandang, kebutuhan sandang
312,skincare, skincare
313,kebutuhan sandang, kebutuhan sandang
314,obat, obat
315,pembersih mulut, kebutuhan harian
316,elektronik, elektronik
317,kebutuhan harian, kebutuhan harian, pembersih mulut, snack, minuman
318,makanan, skincare, shampo
319,kebutuhan harian, skincare
320,makanan, bahan pokok, bahan pokok, mie
321,snack, minuman
322,manisan, minuman
323,minuman obat c1000, snack
324,minuman, snack
325,minuman serbuk obat c1000 sachet
326,skincare, air mineral, skincare
327,kebutuhan harian, skincare, air mineral
328,shampo, shampo
329,skincare, shampo, skincare
330,skincare, kebutuhan harian
331,kebutuhan harian, pembersih mulut, pembersih mulut
332,minuman
333,manisan, es krim
334,makanan, bahan pokok, mie
335,manisan, manisan, manisan
336,snack, bahan pokok, makanan
337,makanan, susu
338,makanan, saus
339,pembersih mulut, pembersih mulut, kebutuhan harian, shampo
340,air mineral, obat
341,skincare shampo, bahan pokok, snack
342,alat rumahi, kebutuhan umum, kebutuhan umum
343,kebutuhan harian, kebutuhan harian
344,snack, minuman
345,snack, susu
346,minuman
347,snack, minuman
348,minuman, bahan pokok
349,manisan, snack manisan
350,makanan, air mineral
351,alat rumahi, snack
352,susu, bahan pokok
353,skincare shampo, skincare
354,makanan, ladaku bahan pokok bubuk
355,air mineral, air mineral
356,makanan, bumbu, kebutuhan umum
357,minuman, manisan little ssnacks
358,kebutuhan umum
359,snack, snack
360,manisan, snack, air mineral
361,snack, snack, snack
362,snack, air mineral
363,makanan, susu
364,snack, snack, snack
365,snack, snack
366,kebutuhan harian
367,kebutuhan harian, kebutuhan harian
368,air mineral, air mineral, makanan, makanan
369,obat
370,minuman teh sosro, manisan
371,obat, minuman
372,obat, obat
373,makanan, makanan, makanan
374,makanan, makanan, makanan
375,obat, obat
376,manisan, makanan
377,snack, snack, makanan
378,makanan, makanan, susu
379,kebutuhan harian
380,kebutuhan harian, bahan pokok
381,elektronik
382,minuman, susu, minuman
383,kebutuhan harian, kebutuhan harian
384,kebutuhan umum
385,bahan pokok, bahan pokok
386,bahan pokok, makanan, susu
387,bumbu, manisan, minuman
388,air mineral, skincare
389,mie, mie, bahan pokok
390,bahan pokok, bahan pokok
391,manisan, susu
392,mie, saus
393,alat rumahi, susu, kebutuhan harian
394,skincare, kebutuhan umum, kebutuhan harian, kebutuhan umum
395,bahan pokok, perhiasan, minuman
396,minuman, minuman, snack minuman
397,minuman, snack buah
398,obat, bahan pokok, minuman
399,susu honey, bahan pokok, mamasuka snack
400,kebutuhan umum,kebutuhan umum, makanan, minuman, bahan pokok
401,bahan pokok abc saus, bahan pokok, bumbu
402,makanan, makanan, makanan
403,makanan, makanan, makanan, skincare
404,kebutuhan sandang, makanan, susu, snack, manisan
405,yoghurt susu
406,kebutuhan harian, kebutuhan harian
407,kebutuhan harian, shampo
408,makanan, air mineral
409,makanan, minuman
410,makanan, makanan, susu, saus, bahan pokok, bahan pokok
411,air mineral air mineral, manisan
412,manisan, air mineral
413,kebutuhan harian, kebutuhan harian
414,pembersih mulut, pembersih mulut
415,kebutuhan harian, kebutuhan harian
416,makanan hewan, kebutuhan harian
417,obat, skincare
418,obat, makanan, teh
419,makanan, buah
420,sayur, sayur, sayur, sayur
421,buah, buah, susu, buah, buah, makanan
422,kebutuhan harian, bahan pokok, bahan pokok bombay, snack, bahan pokok
423,buah, buah, susu, kacang, manisan, makanan
424,manisan, kebutuhan harian, manisan, air mineral
425,es krim
426,air mineral, makanan, mie, manisan, bumbu
427,minuman, bumbu, saus
428,snack, makanan, makanan, susu
429,buah, sayur, mie, mie
430,snack, snack, snack
431,manisan
432,susu, bumbu, kebutuhan harian, kebutuhan harian
433,es krim, mie, snack, snack, alat rumahi, kebutuhan bayi
434,kebutuhan harian, bahan pokok, snack
435,minuman
436,bahan pokok, bumbu, bahan pokok
437,bumbu
438,alat rumahi
439,bahan pokok
440,snack
441,bahan pokok, bahan pokok, mie, snack, es krim
442,air mineral
443,alat rumahi, mie, makanan
444,alat rumahi
445,susu, manisan, makanan
446,kecap
447,es krim, snack
448,susu, snack, makanan
449,snack, manisan, es krim, snack, makanan, alat rumahi
450,susu
451,es krim, makanan
452,makanan
453,snack, bahan pokok
454,manisan, mie
455,alat rumahi
456,alat rumahi
457,air mineral
458,minuman, manisan
459,teh, manisan
460,alat rumahi
461,air mineral
462,snack, es krim, alat rumahi
463,teh, bahan pokok, alat makan
464,snack
465,snack
466,snack, manisan, teh
467,es krim, manisan
468,manisan, snack
469,bahan pokok, snack, es krim
470,bahan pokok
471,makanan
472,manisan, air mineral
473,snack, makanan, teh, manisan
474,mie
475,susu
476,bahan pokok, bahan pokok, bumbu, kecap
477,air mineral
478,snack
479,alat rumahi, teh
480,es skincare
481,air mineral, alat makan
482,minuman
483,alat rumahi
484,air mineral, alat makan
485,teh, minuman, bahan pokok, minuman
486,es krim
487,snack
488,minuman
489,minuman
490,snack, kecap, saus, makanan, alat rumahi, susu, manisan
491,minuman
492,susu, snack, manisan, snack, alat rumahi, bahan pokok, yoghurt, bahan pokok
493,mie, snack, obat
494,kebutuhan harian, susu
495,susu
496,bahan pokok
497,es krim
498,bahan pokok
499,minuman
500,mie, alat makan
501,air mineral
502,susu, mie, kebutuhan harian
503,air mineral, air mineral, bahan pokok, bahan pokok
504,alat rumahi
505,bahan pokok
506,minuman
507,alat rumahi
508,alat rumahi
509,es krim
510,snack, alat rumahi
511,bahan pokok
512,snack, minuman teh, es krim, snack, pasta snack, snack
513,manisan 
514,alat rumahi, snack
515,minuman teh
516,bahan pokok
517,snack, bahan pokok, teh
518,makanan
519,minuman teh
520,es krim
521,snack, saus
522,minuman obat
523,kebutuhan cewe, minuman teh
524,susu, manisan
525,snack, snack, manisan
526,kecap, alat rumahi
527,bahan pokok, kebutuhan harian
528,snack, snack
529,es krim
530,mie, bahan pokok
531,alat rumahi
532,es krim
533,minuman teh, susu
534,minuman, bahan pokok, snack, mie
535,bahan pokok, alat rumahi, bahan pokok
536,bahan pokok
537,es krim
538,obat, kebutuhan harian, minuman obat, susu, alat rumahi, makanan
539,mie
540,air mineral, teh
541,bahan pokok
542,minuman, air mineral
543,mie, kecap, susu
544,air mineral, susu, snack
545,minuman
546,minuman
547,snack, snack
548,mie, snack, alat rumahi, snack, es krim, shampo, minuman teh
549,bahan pokok
550,bahan pokok
551,alat rumahi
552,alat rumahi
553,susu, manisan
554,bahan pokok, obat, alat rumahi, kebutuhan harian
555,bahan pokok, snack
556,alat rumahi
557,alat rumahi
558,alat rumahi
559,alat rumahi
560,kebutuhan cowo
561,yoghurt
562,bahan pokok
563,susu, bahan pokok
564,kebutuhan cowo
565,manisan 
566,alat rumahi, snack
567,minuman teh
568,bahan pokok
569,snack, bahan pokok, teh
570,makanan
571,minuman teh
572,es krim
573,snack, saus
574,minuman obat
575,kebutuhan cewe, minuman teh
576,susu, manisan
577,snack, snack, manisan
578,kecap, alat rumahi
579,bahan pokok, kebutuhan harian
580,snack, snack
581,es krim
582,mie, bahan pokok
583,alat rumahi
584,es krim
585,minuman teh, susu
586,minuman, bahan pokok, snack, mie
587,bahan pokok, alat rumahi, bahan pokok
588,bahan pokok
589,es krim
590,bahan pokok, bahan pokok
591,mie
592,mie
593,teh, kebutuhan cewe
594,bahan pokok, es krim, susu
595,snack
596,premen, snack
597,es krim, snack
598,snack, susu
599,alat rumahi
600,alat rumahi
601,bahan pokok, alat rumahi
602,bumbu
603,saus, kebutuhan harian
604,susu, manisan
605,air mineral
606,susu, makanan, minuman
607,susu, bahan pokok
608,snack, manisan
609,snack, es krim
610,pembersih mulut
611,bahan pokok, bahan pokok
612,snack, susu, snack
613,snack, manisan, snack, es krim
614,mie, kebutuhan sandang
615,snack, es krim
616,minuman, es krim, manisan, alat rumahi
617,bahan pokok, bahan pokok, kecap, mie, bahan pokok, minuman, snack
618,es krim, snack, manisan
619,bahan pokok, minuman, snack, bahan pokok
620,bahan pokok, snack, makanan, snack
621,susu, alat rumahi
622,alat rumahi, mie, snack, susu
623,snack, alat rumahi
624,snack, alat rumahi
625,es krim, minuman
626,alat rumahi, susu
627,air mineral, minuman
628,es krim, alat rumahi, susu, manisan
629,es krim, snack
630,alat rumahi
631,minuman, snack
632,minuman, air mineral
633,bahan pokok, susu
634,obat, snack
635,snack, manisan
636,kebutuhan harian, kebutuhan harian
637,kebutuhan harian, yoghurt
638,bahan pokok
639,mie
640,manisan, alat rumahi
641,kebutuhan harian, pembersih mulut
642,snack
643,air mineral
644,snack, susu, shampo
645,manisan
646,air mineral, obat
647,bahan pokok
648,obat, teh
649,obat
650,kebutuhan harian
651,snack, snack, snack
652,bahan pokok
653,susu, snack
654,alat rumahi
655,bahan pokok, yoghurt, manisan
656,obat
657,alat rumahi, manisan
658,kuaci, teh, snack
659,es krim, air mineral
660,air mineral
661,mie, susu
662,manisan, yoghurt
663,alat rumahi
664,snack, susu, obat, manisan
665,snack, susu
666,minuman, teh, alat rumahi
667,obat
668,mie
669,minuman, snack, bahan pokok, alat rumahi, snack, manisan, snack
670,bahan pokok
671,minuman
672,snack
673,alat rumahi
674,bumbu, snack, alat rumahi, minuman, minuman, snack
675,bahan pokok
676,deterjem, kebutuhan harian
677,mie, snack, bahan pokok, alat rumahi, snack, susu
678,snack
679,bumbu
680,alat rumahi
681,bahan pokok, kebutuhan harian, bahan pokok
682,minuman
683,air mineral
684,manisan
685,mie
686,susu
687,kebutuhan cewe, mie, snack, saus
688,es krim
689,yoghurt
690,mie
691,obat
692,alat rumahi
693,makanan
694,es krim, snack
695,minuman, teh
696,alat rumahi, manisan, snack, susu
697,es krim
698,alat rumahi, snack, teh, air mineral
699,bahan pokok
700,alat rumahi
701,air mineral
702,obat
703,minuman
704,alat rumahi
705,snack, mie, snack, alat rumahi
706,susu, snack, snack, es krim, snack
707,snack
708,susu, teh, kebutuhan cewe
709,es krim
710,bahan pokok, teh, mie
711,es krim, teh, snack
712,snack, snack, susu, snack, minuman, manisan
713,obat, makanan, susu
714,snack, mie, snack
715,susu, minuman, snack
716,air mineral
717,manisan, teh
718,teh
719,alat rumahi, teh
720,obat
721,makanan
722,kebutuhan bayi
723,kebutuhan umum
724,snack, kebutuhan harian, susu, kebutuhan bayi
725,makanan, yoghurt
726,snack, manisan, bahan pokok, kecap
727,snack
728,snack, snack, teh
729,es krim, minuman
730,snack, minuman, alat rumahi
731,susu, manisan
732,mie, teh, es krim
733,shampo, pembersih mulut
734,snack, manisan
735,kebutuhan harian, minuman
736,makanan, susu
737,air mineral
738,kebutuhan harian, susu, mie
739,snack, manisan
740,minuman
741,minuman, bahan pokok
742,bahan pokok, susu, mie
743,minuman
744,kacang, saus
745,skincare axe, minuman
746,kebutuhan harian, kebutuhan cewe
747,snack, snack
748,susu, manisan, kecap
749,minuman, es krim
750,minuman, snack
751,shampo men, bahan pokok, makanan
752,alat rumahi, es krim
753,bahan pokok, snack
754,shampo, snack
755,minuman, minuman, minuman
756,bahan pokok, bahan pokok
757,saus, susu, kebutuhan harian
758,snack, snack
759,manisan, snack
760,teh, minuman, snack
761,minuman, snack thai teh
762,minuman, snack
763,manisan, manisan
764,mie, susu
765,snack, susu, mie
766,minuman, susu
767,kacang, kebutuhan cowo
768,snack, snack, bahan pokok
769,mie, teh
770,air mineral, snack
771,snack, snack, minuman
772,manisan
773,mie, makanan, minuman
774,air mineral, susu, snack
775,minuman, teh
776,kebutuhan harian, snack, minuman
777,snack, kacang, snack
778,snack, snack, minuman
779,minuman, minuman
780,minuman, manisan
781,minuman, snack, minuman
782,yoghurt, mie
783,minuman, air mineral makanan
784,susu, susu
785,makanan, minuman
786,yoghurt, bahan pokok, manisan
787,minuman kacang
788,alat rumahi
789,manisan, makanan, kebutuhan harian
790,minuman, makanan
791,air mineral
792,alat rumahi, susu susu
793,snack, snack
794,manisan, air mineral, snack
795,kebutuhan harian, kebutuhan harian
796,kebutuhan harian, bahan pokok
797,bahan pokok, kecap
798,susu, mie
799,manisan, es krim, minuman
800,kebutuhan harian, kebutuhan harian
801,bahan pokok, bahan pokok, saus
802,saus, susu, susu
803,alat rumahi, kebutuhan harian, mie
804,susu, minuman
805,snack, makanan, kebutuhan harian
806,teh, snack
807,kebutuhan harian, kebutuhan harian, pembersih mulut
808,susu, manisan, makanan hewan
809,skincare
810,minuman, pembersih mulut, snack
811,air mineral
812,kecap, saus, teh
813,bahan pokok, snack, minuman
814,makanan, snack
815,mie, alat rumahi
816,obat, kebutuhan harian, minuman
817,bahan pokok, air mineral
818,snack, kebutuhan harian
819,minuman, snack, snack
820,mie, bahan pokok
821,makanan, manisan, makanan
822,kebutuhan harian, kacang, snack
823,snack, manisan, kebutuhan harian
824,susu, kebutuhan harian, shampo
825,snack, kebutuhan harian, kebutuhan harian
826,pembersih mulut, susu, susu
827,susu, mie
828,mie, manisan
829,susu, kebutuhan harian, yoghurt
830,bahan pokok, manisan
831,kebutuhan harian, shampo
832,kebutuhan cowo, kebutuhan cowo
833,makanan, susu
834,snack, minuman, snack
835,snack, minuman, minuman
836,obat, kebutuhan harian, snack
837,kebutuhan cowo, minuman
838,snack, minuman
839,minuman, alat rumahi
840,kebutuhan harian, bahan pokok
841,skincare, snack
842,teh, mie, minuman
843,mie, snack, minuman
844,makanan, teh
845,snack, snack
846,snack, manisan
847,snack, air mineral, snack
848,minuman, alat rumahi
849,kacang, minuman, kebutuhan harian
850,snack, pembersih mulut, kecap
851,minuman, snack
852,makanan, skincare
853,susu, snack
854,teh, snack
855,snack, minuman
856,minuman, manisan
857,es krim, manisan
858,kebutuhan bayi, teh, snack
859,snack, bahan pokok, snack
860,teh, mie
861,snack, kebutuhan harian, susu
862,alat rumahi, shampo
863,minuman, snack, kebutuhan harian
864,saus, susu, snack
865,minuman, mie
866,susu, es krim
867,es krim, saus, alat rumahi
868,skincare, bahan pokok
869,bumbu, susu, kebutuhan bayi
870,snack, minuman
871,teh, snack, makanan
872,kebutuhan harian, kebutuhan harian, minuman
873,snack, bahan pokok, bahan pokok
874,alat rumahi, mie, snack
875,snack, manisan
876,snack, minuman
877,saus, snack, snack
878,manisan, snack, snack
879,mie, mie, alat rumahi
880,susu, bahan pokok, minuman
881,es krim, minuman
882,delmonte, minuman, kacang
883,snack, snack, kacang
884,minuman, kebutuhan cowo, snack
885,susu, minuman
886,snack, kebutuhan harian, obat
887,minuman, kebutuhan harian, snack
888,mie, susu, snack
889,kebutuhan harian, minuman, bahan pokok
890,bahan pokok, teh, kebutuhan harian
891,susu yoghurt, kebutuhan harian
892,air mineral
893,mie, bahan pokok, susu
894,kebutuhan harian obat, bahan pokok, susu, bahan pokok, daun bahan pokok, mie, kebutuhan harian, susu, sayur, bahan pokok, daging, makanan, shampo, pembersih mulut, bahan pokok, bumbu , kecap
895,bahan pokok, mie, bahan pokok, bahan pokok, bumbu, kecap, teh, alat rumahi, saus, susu
896,susu, teh, bahan pokok, bahan pokok, bumbu, kecap, snack, bahan pokok, obat elektronikbut
897,bahan pokok, saus, makanan
898,snack dan minuman
899,minuman
900,snack dan susu
901,pembersih mulut, snack, mie
902,susu bahan pokok kebutuhan harian perqlatan mandi air, kebutuhan harian bahan pokok kecap buah makanan kebutuhan harian
903,bahan pokok, kecap, saus, mie, bahan pokok, susu, skincare
904,mie, kebutuhan harian, bumbu
905,kebutuhan harian, bahan pokok, bahan pokok, kebutuhan harian, mie, alat rumahi, teh, bahan pokok, sayur, buah, makanan, alat mandi
906,kebutuhan bayi, kebutuhan cewe, minuman, alat mandi, alat mandi, mie
907,kecap, bahan pokok, mie, saus, kebutuhan harian, kebutuhan harian, kebutuhan harian, kebutuhan harian, bahan pokok, bahan pokok
908,air mineral, susu, bahan pokok, makanan, obat, kebutuhan harian, kebutuhan harian, kebutuhan harian, bahan pokok
909,obat
910,snack, susu
911,minuman, snack
912,snack, minuman
913,bahan pokok, saus, makanan
914,bahan pokok, bahan pokok
915,bahan pokok, mie
916,makanan, minuman
917,saus, bumbu makanan
918,makanan, bahan pokok, minuman
919,minuman, mie, air mineral, makanan
920,kebutuhan harian, kebutuhan harian, kebutuhan harian
921,makanan, kebutuhan sandang
922,bahan pokok, alat rumah, manisan
923,mie, bahan pokok, saus
924,kecap, bahan pokok
925,kebutuhan sandang, kebutuhan harian, shampo
926,skincare, elektronik, snack
927,kebutuhan umum, alat rumah, alat rumah, elektronik
928,kebutuhan harian, alat rumah, refil skincare
929,makanan, minuman, mie, snack
930,bahan pokok, makanan, susu, snack
931,kebutuhan harian, bahan pokok, bahan pokok, kebutuhan harian, mie, alat rumahi
932,teh, susu, makanan
933,makanan, minuman, snack
934,alat rumahi, snack, makanan
935,teh, mie, snack
936,makanan, minuman, saus saus
937,snack, makanan, makanan
938,makanan, susu, makanan
939,makanan, teh, es krim
940,alat rumahi, snack
941,makanan, teh, mie, makanan
942,makanan, snack
943,makanan, minuman, snack
944,snack, susu
945,minuman, snack
946,snack, susu
947,kebutuhan harian, skincare
948,alat rumahi, kebutuhan cowo
949,kebutuhan bayi, susu, snack
950,air mineral, snack, minuman
951,manisan, snack
952,teh, snack, kebutuhan bayi, alat rumah
953,snack, mie, kebutuhan harian
954,mie, pasta
955,alat rumahi, manisan
956,mie, kebutuhan cewe
957,kebutuhan harian, minuman, air mineral
958,snack, mie
959,snack, kebutuhan harian
960,mie, makanan
961,bahan pokok, air mineral
962,makanan, mie, air mineral
963,makanan, snack
964,obat, snack
965,minuman, snack
966,elektronik, elektronik
967,elektronik, kebutuhan umum elektronik, elektronik
968,elektronik, elektronik
969,elektronik, elektronik, elektronik, elektronik
970,elektronik, elektronik
971,elektronik, elektronik, elektronik, elektronik
972,elektronik, elektronik, elektronik, elektronik
973,elektronik, elektronik, elektronik, elektronik
974,elektronik, elektronik, elektronik
975,elektronik, elektronik, kebutuhan umum elektronik
976,elektronik, elektronik, elektronik, elektronik
977,elektronik, elektronik, elektronik
978,elektronik, elektronik, elektronik
979,elektronik, elektronik, elektronik
980,elektronik, kebutuhan umum elektronik, elektronik
981,elektronik, elektronik, elektronik, elektronik
982,elektronik, elektronik, elektronik
983,elektronik, elektronik, elektronik
984,elektronik, elektronik, elektronik
985,elektronik, elektronik, elektronik
986,elektronik, elektronik, kebutuhan umum elektronik
987,elektronik, elektronik, elektronik, elektronik
988,elektronik, elektronik, elektronik
989,elektronik, elektronik, kebutuhan umum elektronik
990,elektronik, elektronik, elektronik
991,elektronik, elektronik, elektronik
992,elektronik, elektronik, elektronik, elektronik
993,elektronik, elektronik, elektronik, elektronik
994,elektronik, elektronik, elektronik
995,elektronik, elektronik, elektronik, elektronik
996,elektronik, elektronik, elektronik
997,elektronik, elektronik, elektronik
998,elektronik, elektronik, elektronik, elektronik
999,elektronik, elektronik, elektronik
